{"cameraMode":{"drawMode":0,"name":"Shaded","section":"Shading Mode"},"sceneLighting":true,"audioPlay":false,"sceneViewState":{"showFog":true,"showMaterialUpdate":false,"showSkybox":true,"showFlares":true,"showImageEffects":true,"showParticleSystems":true},"in2DMode":false,"pivot":{"x":0.7379152178764343,"y":0.4376347064971924,"z":0.9785692095756531},"rotation":{"x":0.0028205737471580507,"y":0.9970978498458862,"z":-0.04670771211385727,"w":0.06019897758960724},"size":21.42783546447754,"orthographic":false}